method,n_records,pcc_all_mean,pcc_all_std,pcc_withheld_mean,pcc_withheld_std,pcc_precordial_mean,pcc_precordial_std,pcc_reconstructed_mean,pcc_reconstructed_std,rmse_all_mean,rmse_all_std,rmse_withheld_mean,rmse_withheld_std,rmse_precordial_mean,rmse_precordial_std,rmse_reconstructed_mean,rmse_reconstructed_std
GlobalLinear,300,0.934945285320282,0.04892142489552498,0.9132604002952576,0.06522855907678604,0.8869521021842957,0.09930018335580826,0.8643425703048706,0.11916022002696991,0.2523832321166992,0.15516036748886108,0.3365109860897064,0.20688049495220184,0.36725834012031555,0.2581688463687897,0.4407099783420563,0.3098025918006897
PCM,300,0.9755316376686096,0.021516103297472,0.9673755168914795,0.02868814580142498,0.9510771632194519,0.04303312301635742,0.9412926435470581,0.05163974687457085,0.1075325533747673,0.0693514347076416,0.14337673783302307,0.09246858209371567,0.21252956986427307,0.13862335681915283,0.25503548979759216,0.16634801030158997
TemplateReplay,300,0.7280145883560181,0.2293149083852768,0.7270769476890564,0.2292151302099228,0.7361848950386047,0.23770610988140106,0.7393984794616699,0.23618267476558685,0.5479280352592468,0.3698883652687073,0.5498524904251099,0.38098815083503723,0.5435821413993835,0.3735647201538086,0.5389479398727417,0.36399319767951965
